Mutation ID,Position on pentatopes,Gene ,Amino acid sequence,Amino acid exchange,Exon expression,HLA I  binding score,Predicted HLA I ligands with score <1,HLA II binding score,Predicted HLA II ligands with score <10,Pre-existing respnse ,Post-vaccination response,Immune Response Type ,RNA recognition,Peptide recognition
P01-ABCB5-R760K,B3,ABCB5,KVVQHALDKARTGKTCLVVTHRLSAIQ,R760K,1.10,0.15,1,6.24,0,No,No,na,No,No
P01-ACSS3-P531S,A3,ACSS3,NQEAFKHLYFEKFSGYYDTMDAGYMDE,P531S, 4.20,0.10,2,8.36,0,Yes,Yes,CD4+,Yes,Yes
P01-ACTG1-T277I,A2,ACTG1,PSFLGMESCGIHEITFNSIMKCDVDIR,T277I,574.80,10.80,0,8.35,1,No,No,na,No,No
P01-ANAPC16-V51A,A1,ANAPC16,YPKGAGEMLEDQQAARMEKLAGLVEEL,V51A,46.32,1.30,0,13.29,0,No,No,na,No,No
P01-ERP29-F251L,B2,ERP29,KEELQKSLNILTALQKKGAEKEEL,F251L,155.59,0.50,0,1.35,6,Yes,Yes,CD4+ & CD8+,Yes,Yes
P01-FAM101B-A80V,B4,FAM101B,VTCVPNGTWRNYKVEVRFEPRHRPTRF,A80V,6.65,0.20,3,10.21,0,No,No,na,No,No
P01-NARFL-E62K,B5,NARFL,VFDTAFSRHFSLLKSQREFVRRFRGQA,E62K,1.93,0.20,5,0.89,10,No,Yes,CD4+ & CD8+,Yes,Yes
P01-PWWP2A-S565F,B1,PWWP2A,PQTLGKKGSKNNIFVYMTLNQKKSDSS,S565F,5.33,0.25,2,0.79,7,Yes,Yes,CD4+ & CD8+,Yes,Yes
P01-PXDN-S1329P,A4,PXDN,CEDCRTRGQFNAFPYHFRGRRSLEFSY,S1329P,4.33,0.20,6,12.25,0,No,No,na,No,No
P01-SNAPC2-D235N,A5,SNAPC2,SPELSAAESAVVLNLLMSLPEELPLLP,D235N,40.47,0.20,0,3.07,7,No,No,na,No,No
P02-ATP13A1-I217F,A3,ATP13A1,VFARVAPKQKEFVFTSLKELGYVTLMC,I217F,39.31,0.60,0,2.82,13,No,Yes,CD4+,Yes,Yes
P02-HPN-G71R,B3,HPN,SADARLMVFDKTERTWRLLCSSRSNAR,G71R,0.63,4.00,0,0.06,13,No,Yes,CD4+,Yes,Yes
P02-MMP2-P517S,B4,MMP2,MGPLLVATFWPELSEKIDAVYEAPQEE,P517S,146.90,0.8,2,2.47,5,No,Yes,CD4+,Yes,Yes
P02-PLEKHF2-Q196R,A1,PLEKHF2,CGPCSEKRFLLPSRSSKPVRICDFCYD,Q196R,17.10,1.90,1,2.37,7,No,Yes,CD4+,Yes,Yes
P02-PPFIA4-S709N,B5,PPFIA4,LTVTLRSPTWMRMNQGVCCNLEYHSSG,S709N,1.08,2.8,2,2.17,11,No,Yes,CD4+ & CD8+,Yes,Yes
P02-RTN4R-F101L,B2,RTN4R,LHSNVLARIDAAALTGLALLEQLDLSD,F101L,3.58,2.30,0,3.01,6,No,No,na,No,No
P02-RTN4R-F408L,A5,RTN4R,LTAVRPEGSEPPGLPTSGPRRRPGCSR,F408L,3.58,4.30,0,17.21,0,No,No,na,No,No
P02-RTN4R-L462V,B1,RTN4R,ALPSLTCSLTPLGVALVLWTVLGPC,L462V,3.58,0.10,0,2.82,14,No,No,na,No,No
P02-RTN4R-P451R,A2,RTN4R,GGGTGDSEGSGALRSLTCSLTPLGLAL,P451R,3.58,1.50,2,3.21,14,No,Yes,CD4+,Yes,Yes
P02-SOS1-I82V,A4,SOS1,DVEERVQKSFPHPVDKWAIADAQSAIE,I82V,1.04,2.40,1,9.89,3,No,No,na,No,No
P03-CC2D1A-P687L,A2,CC2D1A,SPGDLDVFVRFDFLYPNVEEAQKDKTS,P687L,9.76,0.1,4,3.23,8,No,No,na,No,No
P03-CDK5RAP1-H440Y,A5,CDK5RAP1,DFIAGFCGETEEDYVQTVSLLREVQYN,H440Y,45.62,0.8,2,2.49,6,No,Yes,CD8+,No,Yes
P03-DNTTIP1-S66F,B5,DNTTIP1,RSQMTTSFTDPAIFMDLLRAVLQPSIN,S66F,26.01,3.2,0,2.93,7,No,No,na,No,No
P03-INSIG1-V148I,A1,INSIG1,TAAGIHPQISSIFILGSLVYFSQEASR,V148I,28.78,0.1,3,1.06,13,Yes,No,na,No,No
P03-MDH1-S129F,A4,MDH1,RKDLLKANVKIFKFQGAALDKYAKKSV,S129F,108.2,1.8,0,1.72,16,Yes,Yes,CD4+ & CD8+,Yes,Yes
P03-MKLN1-E518K,B1,MKLN1,HVLSGLSKDKEKRKENVRNSFWIYDIV,E518K,10.86,0.1,4,18.57,0,No,Yes,CD8+,Yes,Yes
P03-MLL3-R3893W,B2,MLL3,KTEWKSNVYLARSWIQGLGLYAARDIE,R3893W,4.97,0.1,4,0.93,19,Yes,No,na,No,No
P03-PHLDB2-G120E,A3,PHLDB2,PPTPLLNTTSSLSEYPLGRADFDHYTG,G120E,1.25,0.1,2,6.21,5,No,No,na,No,No
P03-PLTP-P20S,B4,PLTP,LFLALLAGAHAEFSGCKIRVTSKALEL,P20S,92.43,1.2,0,1.22,7,No,No,na,No,No
P03-TKT-S406F,B3,TKT,FTRAFDQIRMAAIFESNINLCGSHCGV,S406F,285.33,2.1,0,0.01,14,No,No,na,No,No
P04-C7-E258K,A1,C7,GKSYQLLVVENTVKVAQFINNNPEFLQ,E258K,1.48,0.35,2,10.75,0,Yes,Yes,CD4+ & CD8+,Yes,Yes
P04-CDC37L1-P186L,A2,CDC37L1,SRWDDSQRFLSDHLYLVCEETAKYLIL,P186L,2.92,0.1,1,9.1,6,Yes,Yes,CD4+ & CD8+,Yes,Yes
P04-DICER1-P627S,B4,DICER1,ITKHLYEDPRQHSSGVLTDLRSALVNN,P627S,5,0.80,1,5.61,6,No,No,na,No,No
P04-DOPEY2-R365C,B5,DOPEY2,DVEERHHAYLKPFCVLISLLDKPEIGP,R365C,0.73,0.50,2,3.82,14,Yes,Yes,CD8+,Yes,Yes
P04-DSE-R735C,A5,DSE,ATGQSAFAQVIADCHKILFDRNSAIKS,R735C,14.10,3.20,0,7.01,6,No,No,na,No,No
P04-FLNA-P369L,B3,FLNA,VTVLFAGQHIAKSLFEVYVDKSQGDAS,P369L,19.99,0.80,0,7.35,4,Yes,Yes,CD4+ & CD8+,Yes,Yes
P04-HSD17B4-N397I,A4,HSD17B4,VNAVFEWHITKGGIIGAKWTIDLKSGS,N397I,43.42,5,0,6.54,10,No,Yes,CD8+,No,Yes
P04-MLL3-P1028S,A3,MLL3,SSSTTNNDPYAKPSDTPRPVMTDQFPK,P1028S,2.79,0.1,2,82.46,0,No,Yes,CD4+ & CD8+,Yes,Yes
P04-NRAS-G13D,B1,NRAS,MTEYKLVVVGAGDVGKSALTIQLIQN,G13D,5.55,5.70,0,8.81,2,Yes,Yes,CD4+ & CD8+,Yes,No
P04-SAMD9L-S412L,B2,SAMD9L,VKLLIGNRDSLDNLYYDWYILVTNKCH,S412L,17.66,0.25,1,2.16,14,No,Yes,CD4+,Yes,Yes
P05-CAND1-P724S,B4,CAND1,MAISFLTTLAKVYSSSLSKISGSILNE,P724S,3.38,1.30,0,1.79,22,No,No,na,No,No
P05-DHRS1-Y294N,A3,DHRS1,VLSHVSGLGWLASNLPSFLRVPKWIIA,Y294N,35.09,0.40,0,2.05,11,No,Yes,CD4+,Yes,Yes
P05-DTNB-E423K,A5,DTNB,IAELENKNREILQKIQRLRLEHEQASQ,E423K,4.13,5.60,0,2.94,13,No,Yes,CD4+,Yes,Yes
P05-FAM135B-A479S,A2,FAM135B,PKGMPKDLNVGQQSLSNSGISEVEGLS,A479S,0.5,0.90,0,13.46,0,Yes,Yes,CD4+,Yes,Yes
P05-MMS19-E241K,B5,MMS19,LAVGHLYRLSFLKKDSQSCRVAALEAS,E241K,13.08,5.90,0,1.38,15,No,Yes,CD4+,Yes,Yes
P05-MNT-A390V,A1,MNT,PLPPHPHPHPHSVVLPPAHLPVQQQQP,A390V,10.27,0.10,5,9.84,3,No,No,na,No,No
P05-NR4A1-S7F,B1,NR4A1,MPPLPIFSLPWSVHTWTQGP,S7F,41.44,0.30,1,1.95,4,No,No,na,No,No
P05-PIP4K2A-T247I,A4,PIP4K2A,AKTVKHGAGAEISIVNPEQYSKRFLDF,T247I,28.57,1.10,0,7.76,7,No,Yes,CD4+,Yes,Yes
P05-TTBK2-S1181L,B2,TTBK2,PSRAGRPHHDQRSLSPHLGRSKSPPSH,S1181L,2.29,0.10,2,10.34,0,No,Yes,CD8+,No,Yes
P05-WIPF1-S296F,B3,WIPF1,PPPPPQNNKPPVPFTPRPSASSQAPPP,S296F,10.20,0.70,0,27.39,0,No,No,na,No,No
P06-CDH18-V210L,B1,CDH18,VVYSILQGQPYFSLDPKTGVIRTALHN,V210L,0.001,0.20,0,1.26,10,No,Yes,CD4+,Yes,Yes
P06-CRYZ-P304L,B2,CRYZ,EIGWLKPVIGSQYLLEKVAEAHENIIH,P304L,19.64,0.10,3,6.93,3,No,Yes,CD4+,Yes,Yes
P06-FSTL1-R89C,A5,FSTL1,VVCYQSNRDELRRCIIQWLEAEIIPDG,R89C,438.89,4.10,0,8.98,3,Yes,Yes,CD4+,Yes,Yes
P06-HSPG2-P127S,A3,HSPG2,AVVDTLESEYLKISGDQVVSVVFIKEL,P127S,157.80,2.60,0,0.51,7,No,No,na,No,No
P06-KAT7-P414L,B4,KAT7,KEAKRSNSNKTMDLSCLKWTPPKGT,P414L,15.034,0.10,1,12.22,0,No,No,na,No,No
P06-KIF26B-N256S,B5,KIF26B,RDWAFVPAPCATSSYTGFANKHGSKPS,N256S,2.04,0.10,3,28.81,0,Putative,Yes,CD8+,Yes,Yes
P06-NDUFA8-P138L,A4,NDUFA8,LSKVTKVKTDRPLLENPYHSRPRPDPS,P138L,45.69,4.10,0,0.04,7,No,No,na,No,No
P06-PSMB7-P10L,A1,PSMB7,MAAVSVYAPLVGGFSFDNCRRNA ,P10L,190.57,2.40,0,5.01,2,No,No,na,No,No
P06-TYRP1-R356Q,A2,TYRP1,DTPPFYSNSTNSFQNTVEGYSDPTGKY,R356Q,87.94,0.50,0,7.19,3,No,No,na,No,No
P06-USP33-Q60K,B3,USP33,KSRPGSVVPTTLFKGIKTVNPTFRGYS,Q60K,17.13,0.10,3,5.77,4,No,No,na,No,No
P07-ARF3-R62Q,B4,ARF3,IGLIFVVDSNDREQVNEAREELMRMLA,R62Q,87.80,1.50,0,41.62,0,No,No,na,No,No
P07-ARF3-R99Q,B3,ARF3,QGLIFVVDSNDREQVNEAREELMRMLA,R99Q,87.80,1.50,0,41.62,0,No,Yes,n.k.,No,Yes
P07-ATAD2-P911S,A4,ATAD2,SRKKRGCSSSKYASSYYHVMPKQNSTL,P911S,4.00,0.20,7,9.71,2,Yes,Yes,CD4+ & CD8+,Yes,Yes
P07-CLN3-S321F,A2,CLN3,AMAATCISDTLGIFLSGLLALPLHDFL,S321F,76.98,0.15,1,3.43,4,No,No,na,No,No
P07-DIRAS1-P115S,A3,DIRAS1,KLIVQIKGSVEDISVMLVGNKCDETQR,P115S,19.67,0.20,0,21.00,0,No,No,na,No,No
P07-GPX1-S95F,B1,GPX1,GHQENAKNEEILNFLKYVRPGGGFEPN,S95F,294.00,0.90,1,30.21,0,Yes,Yes,CD4+ & CD8+,No,Yes
P07-HAX1-R231W,B2,HAX1,SILDLFLGRWFRSW,R231W,105.80,5.70,0,25.57,0,No,No,na,No,No
P07-HYAL2-N380H,B5,HYAL2,RAQCHGHGRCVRRHPSASTFLHLSTNS,N380H,66.34,1.60,4,1.17,6,Yes,Yes,CD4+,No,Yes
P07-MLL4-L2569F,A1,MLL4,TSLELPMAMRFRHFKKTSKEAVGVYRS,L2569F,18.62,0.10,8,5.85,7,No,Yes,na,No,Yes
P07-ZNF287-H470Y,A5,ZNF287,CGKDFSQRAHLTIYQRTHTGEKPYKCL,H470Y,1.59,0.20,3,5.90,3,No,Yes,na,No,Yes
P09-GSTK1-G238R,A5,GSTK1,KETTEAACRYGAFRLPITVAHVDGQTH,G238R,171.8659,2.3,0,0.63,12,Yes,Yes,CD8+,No,Yes
P09-HLA-DPA1-P170L,A1,HLA-DPA1,ELVTEGVAESLFLLRTDYSFHKFHYLT,P170L,139.2387,0.70,4,0.28,19,No,Yes,CD4+ & CD8+,Yes,Yes
P09-MAN1A2-E323D,A2,MAN1A2,AVRQAEKYYILRPDVIETYWYLWRFTH,E323D,2.888114,3.05,1,0.22,13,No,Yes,CD4+ & CD8+,Yes,Yes
P09-NEDD8-G78S,A4,NEDD8,SVLHLVLALRGGGSLRQ,G78S,219.9122,1.9,0,3.21,4,No,No,na,No,No
P09-TEAD3-P54S,A3,TEAD3,QAVFSTSSRFWSSSPLLGQQPGPSQDI,P54S,1.106201,3.90,0,4.60,10,No,No,na,No,No
P10-AARS-S821F,A2,AARS,PQWQKDELRETLKFLKKVMDDLDRASK,S821F,47.37,0.2,0,11.3,0,No,Yes,CD4+,Yes,Yes
P10-ABCB6-E763K,A4,ABCB6,VIKDGCIVERGRHKALLSRGGVYADMW,E763K,73.82,3.2,0,6.95,2,No,Yes,CD4+,No,Yes
P10-ARAP1-A413V,B5,ARAP1,RAESDVERKEWMQVLQQAMAEQRARAR,A413V,2.45,0.2,0,23.1,0,No,Yes,CD4+,Yes,Yes
P10-BAZ1A-T1326I,A3,BAZ1A,RSLRKINSAPPTEIKSLRIASRSTRHS,T1326I,4.73,1.1,0,3.82,4,Yes,Yes,CD4+,Yes,Yes
P10-CAPZB-P118L,B2,CAPZB,SNKYDPPLEDGAMLSARLRKLEVEANN,P118L,34.69,0.2,0,10.98,0,No,Yes,CD4+,Yes,Yes
P10-GXYLT1-P85L,B3,GXYLT1,SDRCKDFSLCYWNLYWMLPSDVCGMNC,P85L,0.21,0.2,3,4.32,10,No,Yes,CD4+,Yes,Yes
P10-HAPLN3-F59L,A1,HAPLN3,GVKLVVETPEETLLTYQGASVILPCRY,F59L,1.16,0.35,2,0.9,7,No,Yes,CD4+,Yes,Yes
P10-IFI16-T171I,B1,IFI16,GMSTAMGRSPSPKISLSAPPNSSSTEN,T171I,14.84,0.65,3,11.36,0,No,No,na,No,No
P10-SEMA4C-P269S,B4,SEMA4C,GGPPSPPPGIPGQSLPSPTRLHLGGGR,P269S,62.64,0.6,1,35.43,0,No,No,na,No,No
P10-TAX1BP1-E37V,A5,TAX1BP1,QVGRMERELNHEKVRCDQLQAEQKGLT,E37V,6.93,5.3,0,51.22,0,No,Yes,CD4+,Yes,Yes
P11-CCDC111-L539F,A2,CCDC111,EDAELAEAAENSLFSYNSEVDEIPDEL,L539F,7.52,0.10,1,7.82,7,No,No,na,No,No
P11-CDK4-R24L,B4,CDK4,EIGVGAYGTVYKALDPHSGHFVALKSV,R24L,36.28,1.60,0,1.09,11,No,Yes,CD8+,Yes,Yes
P11-GPR172A-P425S,B2,GPR172A,IQVGSLLGAVAMFSPTSIYHVFHSRKD,P425S,88.95,1.20,0,2.82,7,No,Yes,CD8+,No,Yes
P11-GPR56-P346S,B1,GPR56,GYLLKLSAMGWGFSIFLVTLVALVDVD,P346S,19.76,0.40,2,0.20,6,No,No,na,No,No
P11-INPP5B-A641V,A5,INPP5B,IDNLSASNHSVAEVLLLFLESLPEPVI,A641V,11.23,0.10,2,2.17,4,No,No,na,No,No
P11-KIAA0415-S491F,A3,KIAA0415,AVLDLQLRSAPAAFERPLWDTSLRAPS,S491F,6.67,0.10,2,1.63,7,No,No,na,No,No
P11-LCMT1-L97F,B5,LCMT1,FLRKTECHCQIVNFGAGMDTTFWRLKD,L97F,19.2,10.40,0,1.80,9,No,No,na,No,No
P11-MAPK8-L279F,A1,MAPK8,YAGYSFEKLFPDVFFPADSEHNKLKAS,L279F,3.66,0.10,1,12.81,0,No,No,na,No,No
P11-METTL17-P338S,B3,METTL17,RPGFVFAPCPHELSCPQLTNLACSFSQ,P338S,63.28,4.95,1,1.21,4,No,No,na,No,No
P11-SPOP-N147I,A4,SPOP,KKFIRRDFLLDEAIGLLPDDKLTLFCE,N147I,3.74,0.10,2,0.79,8,No,Yes,CD8+,Yes,Yes
P12-CCDC80-F713L,A2,CCDC80,ELRKEYGMTYNDFLMVLTDVDLRVKQY,F713L,130.31,3.9,3,7.92,3,No,No,na,No,No
P12-DZANK1-R283K,B2,DZANK1,KFGQGLEDQLAQTKSLSLDDC,R283K,4.56,3.25,0,0.03,5,No,Yes,CD4+,Yes,Yes
P12-FUK-R945W,A3,FUK,HLLLVYTGKTRLAWNLLQDVLRSWYAR,R945W,6.65,0.1,2,0.7,10,Yes,Yes,CD4+,Yes,Yes
P12-MAGEC2-S16F,B3,MAGEC2,PVPGVPFRNVDNDFPTSVELEDWVDAQ,S16F,68.51,3.8,0,42.38,0,No,Yes,CD4+,No,Yes
P12-MED24-S514F,B4,MED24,STKVESLVALLNNFSEMKLVQMKWHEA,S514F,10.52,2.4,1,0.72,9,No,Yes,CD4+,Yes,Yes
P12-MRO-K168I,B5,MRO,LFGQLAAFAGRKWIKFFTSQVKQTRDS,K168I,5.88,5.2,1,0.38,17,No,Yes,CD4+,Yes,Yes
P12-NUCB1-P40S,A5,NUCB1,VPLERGAPNKEETSATESPDTGLYYHR,P40S,34.7,2,0,59.83,0,No,No,na,No,No
P12-PLA1A-E176K,B1,PLA1A,YCMHHSLVEFHLKKLRNKDTNIEVTFL,E176K,64.63,2.5,2,3.49,11,No,No,na,No,No
P12-SETX-E336V,A4,SETX,QIKISTRKQKSVKVISSYTPKDCTSRN,E336V,1.76,0.4,4,8.4,6,No,Yes,CD4+,Yes,Yes
P12-TMEM127-S147F,A1,TMEM127,ILTVLQCATVIGFFYWASELILAQQQQ,S147F,28.95,5.4,3,1.37,11,No,No,na,No,No
P17-GAK-A315V,A5,GAK,VRLFLDSKHPGHYVVYNLSPRTYRPSR,A315V,2.64,0.25,3,0.71,16,Yes,Yes,CD4+,Yes,Yes
P17-GBP1-P86F,A4,GBP1,SHTKGIWMWCVPHFKKPGHILVLLDTE,P86F,7.89,2.5,1,3.55,6,Yes,Yes,CD4+ & CD8+,Yes,Yes
P17-GPNMB-P382F,B1,GPNMB,STLISVPDRDPASFLRMANSALISVGC,P382F,308.09,2.9,1,0.45,11,No,Yes,CD4+,Yes,Yes
P17-GYPC-A114V,A2,GYPC,FAESADAALQGDPVLQDAGDSSRKEYF,A114V,260.42,10.25,0,10.35,0,Yes,Yes,CD8+,Yes,Yes (only CD8)
P17-HLA-DRA-P106S,B3,HLA-DRA,ANLEIMTKRSNYTSITNDKFTPPVVNV,P106S,270.9,3.2,1,0.32,10,No,Yes,CD4+,Yes,Yes
P17-MYO1E-H284Y,B2,MYO1E,EQTLVLQIVAGILYLGNISFKEVGNYA,H284Y,1.18,1.75,0,0.03,24,No,Yes,CD4+,Yes,Yes
P17-RETSAT-P546S,B5,RETSAT,ACYGADHDLGRLHSCVMASLRAQSPIP,P546S,64.14,0.3,1,2.93,11,Yes,Yes,CD4+ & CD8+,Yes,Yes
P17-RWDD3-S259F,A3,RWDD3,QKEFETAGLKKLFFEFVLALVK,S259F,46.42,0.1,3,4.98,6,Yes,Yes,CD4+,Yes,Yes
P17-SCUBE2-S954L,B4,SCUBE2,KYTAQESREMFPRLFIRLLRSKVSRFL,S954L,40.06,0.25,7,0.2,18,Yes,Yes,CD4+,Yes,Yes
P17-TPR-S530F,A1,TPR,RDEEVSSADISSSFEVISQHLVSYRNI,S530F,1.17,0.8,4,3.87,6,Yes,Yes,CD4+ & CD8+,Yes,Yes
P19-CLINT1-T472I,A3,CLINT1,SQNTDMVQKSVSKILPSTWSDPSVNIS,T472I,17.27,0.1,2,1.11,6,No,Yes,CD4+ & CD8+,Yes,Yes 
P19-COX7A2-A84V,A5,COX7A2,DEIPLYLKGGVADVLLYRATMILTVGG,A84V,166.02,0.3,1,0.23,7,No,Yes,CD8+,Yes,Yes
P19-IMPDH2-P234R,B5,IMPDH2,IIARTDLKKNRDYRLASKDAKKQLLCG,P234R,110.84,2.85,0,0.25,7,No,Yes,CD4+,Yes,Yes 
P19-PRKDC-S543Y,B2,PRKDC,LFRHLLSSDQMMDYILADEAFFSVNSS,S543Y,2.17,0.1,3,0.98,2,No,No,na,Yes,No
P19-RSL1D1-S257L,A1,RSL1D1,WESVKLLFVKTEKLAALPIFSSFVSNW,S257L,72.66,3.1,0,0.01,15,No,Yes,CD4+,Yes,Yes
P19-SPTAN1-E457K,A2,SPTAN1,VLSEERAALLELWKLRRQQYEQCMDLQ,E457K,2.44,1.2,0,0.05,8,No,Yes,CD4+,Yes,Yes
P19-SRGAP1-S196L,A4,SRGAP1,EKRQAKYSENKLKLIKARNEYLLTLEA,S196L,1.94,0.2,0,0.06,10,No,Yes,CD4+,Yes,Yes
P19-ST5-H155Y,B4,ST5,KSHRLPRLPKRHSYDDMLLLAQLSLPS,H155Y,13.32,0.65,0,0.03,12,No,Yes,CD4+,Yes,Yes 
P19-TUBGCP2-H7Y,B1,TUBGCP2,MSEFRIYHDVNELLSLLRVH,H7Y,2.6,2.35,0,0.01,6,No,No,na,Yes,No
P19-UTP6-H137Y,B3,UTP6,TRLSKVFSAMLAIYSNKPALWIMAAKW,H137Y,5.51,0.1,4,0.02,19,No,Yes,CD4+ & CD8+,Yes,Yes 